comment,comment_date,comment_id,comment_user,comment_user_url,input,post_id,post_url,post_user,replies_number,tagged_users_in_comment,timestamp,url
Aplicar√© lo del men√∫ semanal  para organizarme por que luego estoy sin ideas .ü´£ü§≠,Sun Sep 07 2025 05:43:36 GMT+0000 (Coordinated Universal Time),17867204277376137,__bunnymom__,https://www.instagram.com/__bunnymom__,"{""url"": ""https://www.instagram.com/p/DOMyARzjFL7/""}",3714563714117817083_28801606969,https://www.instagram.com/p/DOMyARzjFL7/,mami.a.bordo,0,,2025-09-11T17:58:50.817Z,https://www.instagram.com/mami.a.bordo
Siempre llevarles snacks y termo yyyy toallitas por que se manchan üòÇ,Fri Sep 05 2025 00:12:48 GMT+0000 (Coordinated Universal Time),18366992080148452,mh_marisool,https://www.instagram.com/mh_marisool,"{""url"": ""https://www.instagram.com/p/DOMyARzjFL7/""}",3714563714117817083_28801606969,https://www.instagram.com/p/DOMyARzjFL7/,mami.a.bordo,0,,2025-09-11T17:58:50.817Z,https://www.instagram.com/mami.a.bordo
Tener siempre snacks en casa üôå,Fri Sep 05 2025 01:07:42 GMT+0000 (Coordinated Universal Time),18095695792659527,mrs.sadiee,https://www.instagram.com/mrs.sadiee,"{""url"": ""https://www.instagram.com/p/DOMyARzjFL7/""}",3714563714117817083_28801606969,https://www.instagram.com/p/DOMyARzjFL7/,mami.a.bordo,0,,2025-09-11T17:58:50.817Z,https://www.instagram.com/mami.a.bordo
Aprendi a tener paciencia,Fri Sep 05 2025 03:31:33 GMT+0000 (Coordinated Universal Time),18182756068328902,conm.demama,https://www.instagram.com/conm.demama,"{""url"": ""https://www.instagram.com/p/DOMyARzjFL7/""}",3714563714117817083_28801606969,https://www.instagram.com/p/DOMyARzjFL7/,mami.a.bordo,0,,2025-09-11T17:58:50.817Z,https://www.instagram.com/mami.a.bordo
Snacks siempre listos !!!,Fri Sep 05 2025 04:10:50 GMT+0000 (Coordinated Universal Time),18173119777343215,karinaramosvz,https://www.instagram.com/karinaramosvz,"{""url"": ""https://www.instagram.com/p/DOMyARzjFL7/""}",3714563714117817083_28801606969,https://www.instagram.com/p/DOMyARzjFL7/,mami.a.bordo,0,,2025-09-11T17:58:50.817Z,https://www.instagram.com/mami.a.bordo
Me falta la primera ! Y de donde sacan ideas ? De comida,Fri Sep 05 2025 01:43:44 GMT+0000 (Coordinated Universal Time),17850542490502725,gabbyhdzc,https://www.instagram.com/gabbyhdzc,"{""url"": ""https://www.instagram.com/p/DOMyARzjFL7/""}",3714563714117817083_28801606969,https://www.instagram.com/p/DOMyARzjFL7/,mami.a.bordo,0,,2025-09-11T17:58:50.817Z,https://www.instagram.com/mami.a.bordo
Pero nosotras nos volvemos expertas solas üôåüèº,Fri Sep 05 2025 16:25:01 GMT+0000 (Coordinated Universal Time),17942334710916027,mamafrom.theblock,https://www.instagram.com/mamafrom.theblock,"{""url"": ""https://www.instagram.com/p/DOMyARzjFL7/""}",3714563714117817083_28801606969,https://www.instagram.com/p/DOMyARzjFL7/,mami.a.bordo,0,,2025-09-11T17:58:50.817Z,https://www.instagram.com/mami.a.bordo
Eso de los ahorros siempre lo aplico,Sat Sep 06 2025 03:05:21 GMT+0000 (Coordinated Universal Time),18368589730155877,mamafuera.deservicio.mx,https://www.instagram.com/mamafuera.deservicio.mx,"{""url"": ""https://www.instagram.com/p/DOMyARzjFL7/""}",3714563714117817083_28801606969,https://www.instagram.com/p/DOMyARzjFL7/,mami.a.bordo,0,,2025-09-11T17:58:50.817Z,https://www.instagram.com/mami.a.bordo
Eso de las temporadas de rebajas la s√∫per aplico y m√°s con zapatos üôå,Sat Sep 06 2025 18:46:06 GMT+0000 (Coordinated Universal Time),17892525465316278,adaluz.carvajal,https://www.instagram.com/adaluz.carvajal,"{""url"": ""https://www.instagram.com/p/DOMyARzjFL7/""}",3714563714117817083_28801606969,https://www.instagram.com/p/DOMyARzjFL7/,mami.a.bordo,0,,2025-09-11T17:58:50.817Z,https://www.instagram.com/mami.a.bordo
Tener paciencia en los berrinches ü•∫ü•∫,Sat Sep 06 2025 05:03:08 GMT+0000 (Coordinated Universal Time),17859840897480119,nutrikidsbymariana,https://www.instagram.com/nutrikidsbymariana,"{""url"": ""https://www.instagram.com/p/DOMyARzjFL7/""}",3714563714117817083_28801606969,https://www.instagram.com/p/DOMyARzjFL7/,mami.a.bordo,0,,2025-09-11T17:58:50.817Z,https://www.instagram.com/mami.a.bordo
Siempre tener el auto un su√©ter y un cambio de ropa completo üôå,Fri Sep 05 2025 04:35:37 GMT+0000 (Coordinated Universal Time),18288343945257977,lastravesiasdemama,https://www.instagram.com/lastravesiasdemama,"{""url"": ""https://www.instagram.com/p/DOMyARzjFL7/""}",3714563714117817083_28801606969,https://www.instagram.com/p/DOMyARzjFL7/,mami.a.bordo,0,,2025-09-11T17:58:50.817Z,https://www.instagram.com/mami.a.bordo
"Llevo a cabo todas las que mencionas y agrego la de tener siempre un botiqu√≠n b√°sico con medicamentos sin caducar, mam√° precavida vale por dos",Fri Sep 05 2025 03:44:05 GMT+0000 (Coordinated Universal Time),18086130145866612,aprendiendo_con_sophia,https://www.instagram.com/aprendiendo_con_sophia,"{""url"": ""https://www.instagram.com/p/DOMyARzjFL7/""}",3714563714117817083_28801606969,https://www.instagram.com/p/DOMyARzjFL7/,mami.a.bordo,0,,2025-09-11T17:58:50.817Z,https://www.instagram.com/mami.a.bordo
Preguntar varias veces si no quieren cenar algo antes de subirnos üò©ü§£,Sat Sep 06 2025 05:15:35 GMT+0000 (Coordinated Universal Time),18078889732791422,auroraymami,https://www.instagram.com/auroraymami,"{""url"": ""https://www.instagram.com/p/DOMyARzjFL7/""}",3714563714117817083_28801606969,https://www.instagram.com/p/DOMyARzjFL7/,mami.a.bordo,0,,2025-09-11T17:58:50.817Z,https://www.instagram.com/mami.a.bordo
Siempre estar un paso adelante üôå,Sat Sep 06 2025 02:42:20 GMT+0000 (Coordinated Universal Time),18066652415186320,mama.con.cafe,https://www.instagram.com/mama.con.cafe,"{""url"": ""https://www.instagram.com/p/DOMyARzjFL7/""}",3714563714117817083_28801606969,https://www.instagram.com/p/DOMyARzjFL7/,mami.a.bordo,0,,2025-09-11T17:58:50.817Z,https://www.instagram.com/mami.a.bordo
"Yo aprend√≠ a cocinar RICO, porque antes era mediocre jajajajaja",Fri Sep 05 2025 02:21:26 GMT+0000 (Coordinated Universal Time),18057864803375725,jugando_con_las_hijas,https://www.instagram.com/jugando_con_las_hijas,"{""url"": ""https://www.instagram.com/p/DOMyARzjFL7/""}",3714563714117817083_28801606969,https://www.instagram.com/p/DOMyARzjFL7/,mami.a.bordo,0,,2025-09-11T17:58:50.817Z,https://www.instagram.com/mami.a.bordo
‚ù§Ô∏è‚ù§Ô∏è‚ù§Ô∏è mejor mam√° no pude elegir para mis hijos ‚ù§Ô∏è‚ù§Ô∏è‚ù§Ô∏è,Fri Sep 05 2025 05:37:04 GMT+0000 (Coordinated Universal Time),18077967200311634,sergioovega1,https://www.instagram.com/sergioovega1,"{""url"": ""https://www.instagram.com/p/DOMzsK4D7Zs/""}",3714571128380831340_22464659,https://www.instagram.com/p/DOMzsK4D7Zs/,giannacristante,0,,2025-09-11T17:59:01.309Z,https://www.instagram.com/giannacristante
"Extra√±o salir de viaje por diversi√≥n sin culpa üíñ  creo que el amor a los hijos te hace extra√±arlos todo el tiempo y en todo momento vives pensando en ellos, al fin mam√°s ü´∂üèΩ‚ú® aprender√© a vivir con eso o igual alg√∫n d√≠a me animo y lo suelto. Eres una gran mam√° bella por fuera y por dentro! ‚ú®",Fri Sep 05 2025 02:39:17 GMT+0000 (Coordinated Universal Time),18056911313396783,mcioen,https://www.instagram.com/mcioen,"{""url"": ""https://www.instagram.com/p/DOMzsK4D7Zs/""}",3714571128380831340_22464659,https://www.instagram.com/p/DOMzsK4D7Zs/,giannacristante,0,,2025-09-11T17:59:01.309Z,https://www.instagram.com/giannacristante
"Extra√±o ir al gimnasio sin culpa, arreglarme y maquillarme sin prisas, sentirme segura con mi cuerpo o extra√±ar mi peso anterior, las estr√≠as y cicatrices. Pero todo vale la pena ü•π‚ù§Ô∏è",Fri Sep 05 2025 13:20:03 GMT+0000 (Coordinated Universal Time),18021243080556128,mariannn.rocha,https://www.instagram.com/mariannn.rocha,"{""url"": ""https://www.instagram.com/p/DOMzsK4D7Zs/""}",3714571128380831340_22464659,https://www.instagram.com/p/DOMzsK4D7Zs/,giannacristante,0,,2025-09-11T17:59:01.309Z,https://www.instagram.com/giannacristante
"Lo primero que dej√© de hacer fue cuidar mi salud mental. De repente ten√≠a encima una responsabilidad enorme porque Xio fue prematura, la de dos casas (situaci√≥n personal) y todo el pos parto. Sin el apoyo de una pareja presente üò¢",Fri Sep 05 2025 17:39:27 GMT+0000 (Coordinated Universal Time),17893796049318826,xiogr,https://www.instagram.com/xiogr,"{""url"": ""https://www.instagram.com/p/DOMzsK4D7Zs/""}",3714571128380831340_22464659,https://www.instagram.com/p/DOMzsK4D7Zs/,giannacristante,1,,2025-09-11T17:59:01.309Z,https://www.instagram.com/giannacristante
"Lo que mas extra√±o es poder dedicarme tiempo para mi y poder arreglarme sin prisas, llevo 23 d√≠as post parto y extra√±o salir y arreglarme, sentirme mega bonita y poder ponerme mi ropa que me encantaba tanto ü•π",Fri Sep 05 2025 01:24:10 GMT+0000 (Coordinated Universal Time),17892909537183038,tere_pedrozam,https://www.instagram.com/tere_pedrozam,"{""url"": ""https://www.instagram.com/p/DOMzsK4D7Zs/""}",3714571128380831340_22464659,https://www.instagram.com/p/DOMzsK4D7Zs/,giannacristante,0,,2025-09-11T17:59:01.309Z,https://www.instagram.com/giannacristante
Ayyy que hermoso! Los amo mucho ü§çüê£,Fri Sep 05 2025 00:21:25 GMT+0000 (Coordinated Universal Time),18293496043268668,aguscristante,https://www.instagram.com/aguscristante,"{""url"": ""https://www.instagram.com/p/DOMzsK4D7Zs/""}",3714571128380831340_22464659,https://www.instagram.com/p/DOMzsK4D7Zs/,giannacristante,0,,2025-09-11T17:59:01.309Z,https://www.instagram.com/giannacristante
"Comida calientita, tiempo a solas, dormir ü´©, arreglarme solo por que siii, sentirme segura con mi cuerpo, mi yo antes de estrias y cicatrices‚Ä¶ pero todo lo vale ü´∂üèª",Fri Sep 05 2025 03:09:02 GMT+0000 (Coordinated Universal Time),17925337016999503,ferchimiran,https://www.instagram.com/ferchimiran,"{""url"": ""https://www.instagram.com/p/DOMzsK4D7Zs/""}",3714571128380831340_22464659,https://www.instagram.com/p/DOMzsK4D7Zs/,giannacristante,0,,2025-09-11T17:59:01.309Z,https://www.instagram.com/giannacristante
"Para m√≠ ser mam√° es vivir un post-parto, duelo de la mujer que eras y ya no ser√°s, y experimentar el amor m√°s puro inimaginable. Extra√±√≥ much√≠simo sentirme amada, cuidada y procurada por otrxs, creo que pase de ser mujer a ser mam√° y se olvidaron de lo que yo siento y requiero, y es terrible.. por qu√© me encantar√≠a sentir que tambi√©n soy importante. Estoy trabajando en eso, en darme a mi misma lo que necesito, empec√© a arreglarme un poco, procurarme y escucharme, pero si, no niego que ese apapacho lo anhelo much√≠simo. Poco se habla lo solas que estamos algunas, gracias a esa energ√≠a masculina y que nos vean tan fuertes, como si no necesitaramos amor tambi√©n.",Fri Sep 05 2025 04:12:29 GMT+0000 (Coordinated Universal Time),17892772866305409,becks_secondhand,https://www.instagram.com/becks_secondhand,"{""url"": ""https://www.instagram.com/p/DOMzsK4D7Zs/""}",3714571128380831340_22464659,https://www.instagram.com/p/DOMzsK4D7Zs/,giannacristante,0,,2025-09-11T17:59:01.309Z,https://www.instagram.com/giannacristante
"A veces te entra el gran sentimiento de culpa, nos ense√±aron a romantizar tanto la maternidad que se olvidaron de advertir que es un amor inmenso nublado de un sin fin de sentimientos obscuros detr√°s‚Ä¶.. que tu coraz√≥n ahora se divide en dos; porque la maternidad lleg√≥ para cambiarte por completo, cambia tu seguridad, tu estado de √°nimo (por el sube y baja de hormonas), cambia tu rutina y tu tiempo, porque ahora si has de querer ir al ba√±o debes esperar a que beb√© duerma profundo o que alguien pueda echarle un ojo, cambia tu cuerpo (algunas lo recuperan y a otras nos cuesta un poquitin m√°s de trabajo, algunas otras no vuelven a ver ese cuerpo) cambia tu cabellera radiante, cambia la resistencia de tu cintura, cambia tu sue√±o y hasta tu manera y cantidad de comer, cambia incluso el como ahora te ve la gente‚Ä¶. Estas palabras las escribo con un desborde de l√°grimas, porque acurrucada con mi cachorro cada cambio‚Ä¶.de cada uno de ellos, no me arrepiento, viendo sus rechonchos cachetes, sentir su respiraci√≥n, su cuerpecito tan fr√°gil y su sonrisa tan inocente, duele cuando te enfrentas a todos esos cambios sola, porque nunca planeaste que fuera as√≠, bendecidas son quienes viven la mejor etapa de una mujer en compa√±√≠a, asesoradas de mam√° y cobijadas de alguien que se preocupe por ti, pero cuando te enfrentas a esta transformaci√≥n solita‚Ä¶Dios, que duro es!! Pero te vuelves a√∫n m√°s fuerte, m√°s valiente de lo que jam√°s te cre√≠ste y m√°s feroz con tal de proteger a quien es tuyo! Porque si, has cambiado y has dejado de ser tu, para convertirlo en un nosotros‚Ä¶..yo te puedo asegurar que lo que m√°s extra√±o es ir ba√±o en cuanto me gane y tardar el tiempo que me plazca ü•πüöΩ",Fri Sep 05 2025 03:36:53 GMT+0000 (Coordinated Universal Time),17983309034730404,adri__esparza,https://www.instagram.com/adri__esparza,"{""url"": ""https://www.instagram.com/p/DOMzsK4D7Zs/""}",3714571128380831340_22464659,https://www.instagram.com/p/DOMzsK4D7Zs/,giannacristante,0,,2025-09-11T17:59:01.309Z,https://www.instagram.com/giannacristante
El m√≠o ya est√° ‚Äúgrande‚Äù 12 a√±os y a√∫n sigo deseando mis vacaciones de 5 minutitos üòÇ,Fri Sep 05 2025 04:57:15 GMT+0000 (Coordinated Universal Time),18070869899164561,dulcermzl,https://www.instagram.com/dulcermzl,"{""url"": ""https://www.instagram.com/p/DOM3fIJCbkd/""}",3714587824277272861_145531926,https://www.instagram.com/p/DOM3fIJCbkd/,papa.de.cuatro,1,,2025-09-11T17:58:50.082Z,https://www.instagram.com/papa.de.cuatro
He tenido 3 hijos q se llevan 6 a√±os la primera del segundo y 14 a√±os del segundo al 3ro. Me funciona siempre domrirkos antes de las 7 pm. Y si bien aprovechas 2 horas a leer. A un ba√±o de m√°s de 5 min. Ahora termino dormida junto al m√°s peque√±o desde las 7 pm,Fri Sep 05 2025 01:09:55 GMT+0000 (Coordinated Universal Time),18066039665593333,sanch_lili18,https://www.instagram.com/sanch_lili18,"{""url"": ""https://www.instagram.com/p/DOM3fIJCbkd/""}",3714587824277272861_145531926,https://www.instagram.com/p/DOM3fIJCbkd/,papa.de.cuatro,2,,2025-09-11T17:58:50.082Z,https://www.instagram.com/papa.de.cuatro
Una locura solo cuando los acuesto voy al ba√±o y aparece alguno dici√©ndome que algo me falt√≥ hacer,Fri Sep 05 2025 03:14:31 GMT+0000 (Coordinated Universal Time),17971304474926016,lililunatik,https://www.instagram.com/lililunatik,"{""url"": ""https://www.instagram.com/p/DOM3fIJCbkd/""}",3714587824277272861_145531926,https://www.instagram.com/p/DOM3fIJCbkd/,papa.de.cuatro,2,,2025-09-11T17:58:50.082Z,https://www.instagram.com/papa.de.cuatro
Yo me sigo escondiendo un rato en el carro antes de entrar a la casa jajajajajjaa y eso que ya no tengo chiquitos!!!,Mon Sep 08 2025 02:55:29 GMT+0000 (Coordinated Universal Time),18079517386779403,sweetpeasbows.mx,https://www.instagram.com/sweetpeasbows.mx,"{""url"": ""https://www.instagram.com/p/DOM3fIJCbkd/""}",3714587824277272861_145531926,https://www.instagram.com/p/DOM3fIJCbkd/,papa.de.cuatro,0,,2025-09-11T17:58:50.082Z,https://www.instagram.com/papa.de.cuatro
Me desaparezco y voy al roof ü´†ü´†,Fri Sep 05 2025 01:37:33 GMT+0000 (Coordinated Universal Time),18016736441592579,angielemus8012,https://www.instagram.com/angielemus8012,"{""url"": ""https://www.instagram.com/p/DOM3fIJCbkd/""}",3714587824277272861_145531926,https://www.instagram.com/p/DOM3fIJCbkd/,papa.de.cuatro,1,,2025-09-11T17:58:50.082Z,https://www.instagram.com/papa.de.cuatro
Confirmo jajajaj,Fri Sep 05 2025 00:57:55 GMT+0000 (Coordinated Universal Time),18039491780408646,psic.anaphopkins,https://www.instagram.com/psic.anaphopkins,"{""url"": ""https://www.instagram.com/p/DOM3fIJCbkd/""}",3714587824277272861_145531926,https://www.instagram.com/p/DOM3fIJCbkd/,papa.de.cuatro,1,,2025-09-11T17:58:50.082Z,https://www.instagram.com/papa.de.cuatro
No se puede jaja,Fri Sep 05 2025 01:32:29 GMT+0000 (Coordinated Universal Time),18052855685212530,betzaburruel,https://www.instagram.com/betzaburruel,"{""url"": ""https://www.instagram.com/p/DOM3fIJCbkd/""}",3714587824277272861_145531926,https://www.instagram.com/p/DOM3fIJCbkd/,papa.de.cuatro,1,,2025-09-11T17:58:50.082Z,https://www.instagram.com/papa.de.cuatro
üòÇüòÇüòÇüòÇ ya no me acuerdo ajjajaa,Fri Sep 05 2025 02:15:34 GMT+0000 (Coordinated Universal Time),17967489191939178,nanemedrano,https://www.instagram.com/nanemedrano,"{""url"": ""https://www.instagram.com/p/DOM3fIJCbkd/""}",3714587824277272861_145531926,https://www.instagram.com/p/DOM3fIJCbkd/,papa.de.cuatro,0,,2025-09-11T17:58:50.082Z,https://www.instagram.com/papa.de.cuatro
"Mis hijos nunca duermen siestas, porque nunca lo han pedido, pero son muy activos, saben que hay reglas y tienen que dormirse si o si a m√°s tardar determinada hora, las vacaciones son las que me alteran esa rutina de horarios pero lo acepto para que disfruten sus vacaciones qu√© jam√°s volver√°n a tener as√≠ cuando sean grandes.",Fri Sep 05 2025 23:30:11 GMT+0000 (Coordinated Universal Time),18057914255435041,kalayzabal,https://www.instagram.com/kalayzabal,"{""url"": ""https://www.instagram.com/p/DOM3fIJCbkd/""}",3714587824277272861_145531926,https://www.instagram.com/p/DOM3fIJCbkd/,papa.de.cuatro,1,,2025-09-11T17:58:50.082Z,https://www.instagram.com/papa.de.cuatro
"Yo ya aprend√≠ a desconectarme y como charlie brown, solo escucho como ecos jajajaja tmb soy mam√° desconectarme 4 pero hombres! Una locuraaaa",Fri Sep 05 2025 03:34:46 GMT+0000 (Coordinated Universal Time),18090388513776233,danny_oromar,https://www.instagram.com/danny_oromar,"{""url"": ""https://www.instagram.com/p/DOM3fIJCbkd/""}",3714587824277272861_145531926,https://www.instagram.com/p/DOM3fIJCbkd/,papa.de.cuatro,1,,2025-09-11T17:58:50.082Z,https://www.instagram.com/papa.de.cuatro
Viniendo a @pontespaurbano üßòüèª‚Äç‚ôÄÔ∏èüòå hoy y ma√±ana tenemos el masaje relajante en $650mujer y $750hombre yyyyy lo mejor incluye 30min de Presoterapia gratis üôÇ‚Äç‚ÜîÔ∏è,Fri Sep 05 2025 17:07:37 GMT+0000 (Coordinated Universal Time),17927307621074492,pontespaurbano,https://www.instagram.com/pontespaurbano,"{""url"": ""https://www.instagram.com/p/DOM3fIJCbkd/""}",3714587824277272861_145531926,https://www.instagram.com/p/DOM3fIJCbkd/,papa.de.cuatro,0,"[""@pontespaurbano""]",2025-09-11T17:58:50.083Z,https://www.instagram.com/papa.de.cuatro
